"",".id","regno","subno","dateOfRegistration","formalName","classes","income","areasofoperation","yearOfRegistration","monthOfRegistration","yearOfRegistrationLUB","monthOfRegistrationLUB"
"1","1","1172979","0",2017-05-10,"ST MARY'S COLLEGE OSCOTT CIO","306","0","B-64","2017","05",2017,5
"2","2","1172979","0",2017-05-10,"ST MARY'S COLLEGE OSCOTT CIO","305","0","B-64","2017","05",2017,5
"3","3","1172979","0",2017-05-10,"ST MARY'S COLLEGE OSCOTT CIO","206","0","B-64","2017","05",2017,5
"4","4","1172979","0",2017-05-10,"ST MARY'S COLLEGE OSCOTT CIO","102","0","B-64","2017","05",2017,5
"5","5","1172979","0",2017-05-10,"ST MARY'S COLLEGE OSCOTT CIO","108","0","B-64","2017","05",2017,5
"6","6","1172979","0",2017-05-10,"ST MARY'S COLLEGE OSCOTT CIO","307","0","B-64","2017","05",2017,5
"7","7","1172746","0",2017-04-25,"BARTLEY REDS FOOTBALL CLUB","305","0","B-64","2017","04",2017,4
"8","8","1172746","0",2017-04-25,"BARTLEY REDS FOOTBALL CLUB","207","0","B-64","2017","04",2017,4
"9","9","1172746","0",2017-04-25,"BARTLEY REDS FOOTBALL CLUB","201","0","B-64","2017","04",2017,4
"10","10","1172746","0",2017-04-25,"BARTLEY REDS FOOTBALL CLUB","110","0","B-64","2017","04",2017,4
"11","11","1172356","0",2017-03-31,"PINEAPPLE YOUTH PROJECT","101","0","B-64","2017","03",2017,3
"12","12","1172356","0",2017-03-31,"PINEAPPLE YOUTH PROJECT","201","0","B-64","2017","03",2017,3
"13","13","1172356","0",2017-03-31,"PINEAPPLE YOUTH PROJECT","306","0","B-64","2017","03",2017,3
"14","14","1172356","0",2017-03-31,"PINEAPPLE YOUTH PROJECT","108","0","B-64","2017","03",2017,3
"15","15","1167872","0",2016-06-27,"TRANSPORT MUSEUM WYTHALL","306","0","B-64","2016","06",2016,6
"16","16","1167872","0",2016-06-27,"TRANSPORT MUSEUM WYTHALL","305","0","B-64","2016","06",2016,6
"17","17","1167872","0",2016-06-27,"TRANSPORT MUSEUM WYTHALL","207","0","B-64","2016","06",2016,6
"18","18","1167872","0",2016-06-27,"TRANSPORT MUSEUM WYTHALL","201","0","B-64","2016","06",2016,6
"19","19","1167872","0",2016-06-27,"TRANSPORT MUSEUM WYTHALL","109","0","B-64","2016","06",2016,6
"20","20","1167872","0",2016-06-27,"TRANSPORT MUSEUM WYTHALL","310","0","B-64","2016","06",2016,6
"21","21","1167872","0",2016-06-27,"TRANSPORT MUSEUM WYTHALL","101","0","B-64","2016","06",2016,6
"22","22","1167872","0",2016-06-27,"TRANSPORT MUSEUM WYTHALL","307","0","B-64","2016","06",2016,6
"23","23","1166451","0",2016-04-08,"HARVESTER REFORMATIONAL CHURCH BIRMINGHAM","207","7613","B-64","2016","04",2016,4
"24","24","1166451","0",2016-04-08,"HARVESTER REFORMATIONAL CHURCH BIRMINGHAM","307","7613","B-64","2016","04",2016,4
"25","25","1166451","0",2016-04-08,"HARVESTER REFORMATIONAL CHURCH BIRMINGHAM","306","7613","B-64","2016","04",2016,4
"26","26","1166451","0",2016-04-08,"HARVESTER REFORMATIONAL CHURCH BIRMINGHAM","108","7613","B-64","2016","04",2016,4
"27","27","1166451","0",2016-04-08,"HARVESTER REFORMATIONAL CHURCH BIRMINGHAM","304","7613","B-64","2016","04",2016,4
"28","28","1166451","0",2016-04-08,"HARVESTER REFORMATIONAL CHURCH BIRMINGHAM","102","7613","B-64","2016","04",2016,4
"29","29","1166195","0",2016-03-23,"THE PROVINCIAL GRAND CHAPTER OF WORCESTERSHIRE CHARITY FUND","101","0","B-64","2016","03",2016,3
"30","30","1166195","0",2016-03-23,"THE PROVINCIAL GRAND CHAPTER OF WORCESTERSHIRE CHARITY FUND","205","0","B-64","2016","03",2016,3
"31","31","1166195","0",2016-03-23,"THE PROVINCIAL GRAND CHAPTER OF WORCESTERSHIRE CHARITY FUND","302","0","B-64","2016","03",2016,3
"32","32","1166195","0",2016-03-23,"THE PROVINCIAL GRAND CHAPTER OF WORCESTERSHIRE CHARITY FUND","201","0","B-64","2016","03",2016,3
"33","33","1166195","0",2016-03-23,"THE PROVINCIAL GRAND CHAPTER OF WORCESTERSHIRE CHARITY FUND","202","0","B-64","2016","03",2016,3
"34","34","1166195","0",2016-03-23,"THE PROVINCIAL GRAND CHAPTER OF WORCESTERSHIRE CHARITY FUND","203","0","B-64","2016","03",2016,3
"35","35","1165712","0",2016-02-23,"SUTTON COLDFIELD ARTS AND RECREATIONAL TRUST","201","0","B-64","2016","02",2016,2
"36","36","1165712","0",2016-02-23,"SUTTON COLDFIELD ARTS AND RECREATIONAL TRUST","207","0","B-64","2016","02",2016,2
"37","37","1165712","0",2016-02-23,"SUTTON COLDFIELD ARTS AND RECREATIONAL TRUST","205","0","B-64","2016","02",2016,2
"38","38","1165712","0",2016-02-23,"SUTTON COLDFIELD ARTS AND RECREATIONAL TRUST","305","0","B-64","2016","02",2016,2
"39","39","1165712","0",2016-02-23,"SUTTON COLDFIELD ARTS AND RECREATIONAL TRUST","101","0","B-64","2016","02",2016,2
"40","40","1165712","0",2016-02-23,"SUTTON COLDFIELD ARTS AND RECREATIONAL TRUST","116","0","B-64","2016","02",2016,2
"41","41","1165712","0",2016-02-23,"SUTTON COLDFIELD ARTS AND RECREATIONAL TRUST","109","0","B-64","2016","02",2016,2
"42","42","1165712","0",2016-02-23,"SUTTON COLDFIELD ARTS AND RECREATIONAL TRUST","203","0","B-64","2016","02",2016,2
"43","43","1165712","0",2016-02-23,"SUTTON COLDFIELD ARTS AND RECREATIONAL TRUST","202","0","B-64","2016","02",2016,2
"44","44","1165712","0",2016-02-23,"SUTTON COLDFIELD ARTS AND RECREATIONAL TRUST","102","0","B-64","2016","02",2016,2
"45","45","1164427","0",2015-11-16,"FISHER HOUSE UK","206","0","B-64","2015","11",2015,11
"46","46","1164427","0",2015-11-16,"FISHER HOUSE UK","114","0","B-64","2015","11",2015,11
"47","47","1164427","0",2015-11-16,"FISHER HOUSE UK","303","0","B-64","2015","11",2015,11
"48","48","1164427","0",2015-11-16,"FISHER HOUSE UK","101","0","B-64","2015","11",2015,11
"49","49","1164427","0",2015-11-16,"FISHER HOUSE UK","104","0","B-64","2015","11",2015,11
"50","50","1164427","0",2015-11-16,"FISHER HOUSE UK","103","0","B-64","2015","11",2015,11
"51","51","1164427","0",2015-11-16,"FISHER HOUSE UK","104","0","B-64","2015","11",2015,11
"52","52","1164427","0",2015-11-16,"FISHER HOUSE UK","103","0","B-64","2015","11",2015,11
"53","53","1164427","0",2015-11-16,"FISHER HOUSE UK","107","0","B-64","2015","11",2015,11
"54","54","1164271","0",2015-11-05,"CITY YOGA PROJECT","115","0","B-64","2015","11",2015,11
"55","55","1164271","0",2015-11-05,"CITY YOGA PROJECT","110","0","B-64","2015","11",2015,11
"56","56","1164271","0",2015-11-05,"CITY YOGA PROJECT","116","0","B-64","2015","11",2015,11
"57","57","1164271","0",2015-11-05,"CITY YOGA PROJECT","103","0","B-64","2015","11",2015,11
"58","58","1164271","0",2015-11-05,"CITY YOGA PROJECT","206","0","B-64","2015","11",2015,11
"59","59","1164271","0",2015-11-05,"CITY YOGA PROJECT","306","0","B-64","2015","11",2015,11
"60","60","1164271","0",2015-11-05,"CITY YOGA PROJECT","308","0","B-64","2015","11",2015,11
"61","61","1163526","0",2015-09-14,"REDDITCH UNITED JUNIORS FOOTBALL CLUB","207","85000","B-64","2015","09",2015,9
"62","62","1163526","0",2015-09-14,"REDDITCH UNITED JUNIORS FOOTBALL CLUB","306","85000","B-64","2015","09",2015,9
"63","63","1163526","0",2015-09-14,"REDDITCH UNITED JUNIORS FOOTBALL CLUB","201","85000","B-64","2015","09",2015,9
"64","64","1163526","0",2015-09-14,"REDDITCH UNITED JUNIORS FOOTBALL CLUB","110","85000","B-64","2015","09",2015,9
"65","65","1163526","0",2015-09-14,"REDDITCH UNITED JUNIORS FOOTBALL CLUB","203","85000","B-64","2015","09",2015,9
"66","66","1161683","0",2015-05-15,"BILAL EDUCATION TRUST","101","53575","B-64","2015","05",2015,5
"67","67","1161683","0",2015-05-15,"BILAL EDUCATION TRUST","306","53575","B-64","2015","05",2015,5
"68","68","1161683","0",2015-05-15,"BILAL EDUCATION TRUST","305","53575","B-64","2015","05",2015,5
"69","69","1161683","0",2015-05-15,"BILAL EDUCATION TRUST","202","53575","B-64","2015","05",2015,5
"70","70","1161683","0",2015-05-15,"BILAL EDUCATION TRUST","116","53575","B-64","2015","05",2015,5
"71","71","1161683","0",2015-05-15,"BILAL EDUCATION TRUST","304","53575","B-64","2015","05",2015,5
"72","72","1161683","0",2015-05-15,"BILAL EDUCATION TRUST","113","53575","B-64","2015","05",2015,5
"73","73","1161683","0",2015-05-15,"BILAL EDUCATION TRUST","201","53575","B-64","2015","05",2015,5
"74","74","1161683","0",2015-05-15,"BILAL EDUCATION TRUST","105","53575","B-64","2015","05",2015,5
"75","75","1161683","0",2015-05-15,"BILAL EDUCATION TRUST","207","53575","B-64","2015","05",2015,5
"76","76","1161683","0",2015-05-15,"BILAL EDUCATION TRUST","102","53575","B-64","2015","05",2015,5
"77","77","1161400","0",2015-04-23,"THE GREEK ORTHODOX COMMUNITY OF THE HOLY TRINITY AND SAINT LUKE BIRMINGHAM","306","97613","B-64","2015","04",2015,4
"78","78","1161400","0",2015-04-23,"THE GREEK ORTHODOX COMMUNITY OF THE HOLY TRINITY AND SAINT LUKE BIRMINGHAM","307","97613","B-64","2015","04",2015,4
"79","79","1161400","0",2015-04-23,"THE GREEK ORTHODOX COMMUNITY OF THE HOLY TRINITY AND SAINT LUKE BIRMINGHAM","305","97613","B-64","2015","04",2015,4
"80","80","1161400","0",2015-04-23,"THE GREEK ORTHODOX COMMUNITY OF THE HOLY TRINITY AND SAINT LUKE BIRMINGHAM","207","97613","B-64","2015","04",2015,4
"81","81","1161400","0",2015-04-23,"THE GREEK ORTHODOX COMMUNITY OF THE HOLY TRINITY AND SAINT LUKE BIRMINGHAM","108","97613","B-64","2015","04",2015,4
"82","82","1161400","0",2015-04-23,"THE GREEK ORTHODOX COMMUNITY OF THE HOLY TRINITY AND SAINT LUKE BIRMINGHAM","101","97613","B-64","2015","04",2015,4
"83","83","1161088","0",2015-03-26,"CHRIST CHURCH LONGBRIDGE","108","41960","B-64","2015","03",2015,3
"84","84","1161088","0",2015-03-26,"CHRIST CHURCH LONGBRIDGE","207","41960","B-64","2015","03",2015,3
"85","85","1161088","0",2015-03-26,"CHRIST CHURCH LONGBRIDGE","306","41960","B-64","2015","03",2015,3
"86","86","1160943","0",2015-03-17,"FOOTSTEPS COUNSELLING AND SUPPORT","207","19095","B-64","2015","03",2015,3
"87","87","1160943","0",2015-03-17,"FOOTSTEPS COUNSELLING AND SUPPORT","103","19095","B-64","2015","03",2015,3
"88","88","1160943","0",2015-03-17,"FOOTSTEPS COUNSELLING AND SUPPORT","306","19095","B-64","2015","03",2015,3
"89","89","1160943","0",2015-03-17,"FOOTSTEPS COUNSELLING AND SUPPORT","201","19095","B-64","2015","03",2015,3
"90","90","1160892","0",2015-03-13,"DARUL ELM COMMUNITY CENTRE LTD","306","104321","B-64","2015","03",2015,3
"91","91","1160892","0",2015-03-13,"DARUL ELM COMMUNITY CENTRE LTD","201","104321","B-64","2015","03",2015,3
"92","92","1160892","0",2015-03-13,"DARUL ELM COMMUNITY CENTRE LTD","108","104321","B-64","2015","03",2015,3
"93","93","1160892","0",2015-03-13,"DARUL ELM COMMUNITY CENTRE LTD","204","104321","B-64","2015","03",2015,3
"94","94","1160892","0",2015-03-13,"DARUL ELM COMMUNITY CENTRE LTD","102","104321","B-64","2015","03",2015,3
"95","95","1160892","0",2015-03-13,"DARUL ELM COMMUNITY CENTRE LTD","101","104321","B-64","2015","03",2015,3
"96","96","1160892","0",2015-03-13,"DARUL ELM COMMUNITY CENTRE LTD","307","104321","B-64","2015","03",2015,3
"97","97","1158556","0",2014-09-15,"MAKINGPI LTD","310","0","B-64","2014","09",2014,9
"98","98","1158556","0",2014-09-15,"MAKINGPI LTD","308","0","B-64","2014","09",2014,9
"99","99","1158556","0",2014-09-15,"MAKINGPI LTD","102","0","B-64","2014","09",2014,9
"100","100","1158556","0",2014-09-15,"MAKINGPI LTD","207","0","B-64","2014","09",2014,9
"101","101","1158556","0",2014-09-15,"MAKINGPI LTD","207","0","B-64","2014","09",2014,9
"102","102","1158556","0",2014-09-15,"MAKINGPI LTD","201","0","B-64","2014","09",2014,9
"103","103","1156880","0",2014-05-01,"RESTYLE YOUR WORLD UK","207","313","B-64","2014","05",2014,5
"104","104","1156880","0",2014-05-01,"RESTYLE YOUR WORLD UK","113","313","B-64","2014","05",2014,5
"105","105","1156880","0",2014-05-01,"RESTYLE YOUR WORLD UK","112","313","B-64","2014","05",2014,5
"106","106","1156880","0",2014-05-01,"RESTYLE YOUR WORLD UK","105","313","B-64","2014","05",2014,5
"107","107","1156880","0",2014-05-01,"RESTYLE YOUR WORLD UK","102","313","B-64","2014","05",2014,5
"108","108","1156880","0",2014-05-01,"RESTYLE YOUR WORLD UK","307","313","B-64","2014","05",2014,5
"109","109","1156880","0",2014-05-01,"RESTYLE YOUR WORLD UK","306","313","B-64","2014","05",2014,5
"110","110","1156288","0",2014-03-20,"EMMANUEL CHURCH, HANDSWORTH, BIRMINGHAM","108","92530","B-64","2014","03",2014,3
"111","111","1156288","0",2014-03-20,"EMMANUEL CHURCH, HANDSWORTH, BIRMINGHAM","207","92530","B-64","2014","03",2014,3
"112","112","1156288","0",2014-03-20,"EMMANUEL CHURCH, HANDSWORTH, BIRMINGHAM","306","92530","B-64","2014","03",2014,3
"113","113","1154391","0",2013-10-30,"PHOENIX MENTORING CONSORTIUM","306","0","B-64","2013","10",2013,10
"114","114","1154391","0",2013-10-30,"PHOENIX MENTORING CONSORTIUM","206","0","B-64","2013","10",2013,10
"115","115","1154391","0",2013-10-30,"PHOENIX MENTORING CONSORTIUM","304","0","B-64","2013","10",2013,10
"116","116","1154391","0",2013-10-30,"PHOENIX MENTORING CONSORTIUM","101","0","B-64","2013","10",2013,10
"117","117","1154391","0",2013-10-30,"PHOENIX MENTORING CONSORTIUM","113","0","B-64","2013","10",2013,10
"118","118","1154391","0",2013-10-30,"PHOENIX MENTORING CONSORTIUM","307","0","B-64","2013","10",2013,10
"119","119","1154391","0",2013-10-30,"PHOENIX MENTORING CONSORTIUM","207","0","B-64","2013","10",2013,10
"120","120","1140897","0",2013-08-27,"GLORIOUS PEOPLE'S CHAPEL LTD","101","42106","B-64","2013","08",2013,8
"121","121","1140897","0",2013-08-27,"GLORIOUS PEOPLE'S CHAPEL LTD","304","42106","B-64","2013","08",2013,8
"122","122","1140897","0",2013-08-27,"GLORIOUS PEOPLE'S CHAPEL LTD","106","42106","B-64","2013","08",2013,8
"123","123","1140897","0",2013-08-27,"GLORIOUS PEOPLE'S CHAPEL LTD","103","42106","B-64","2013","08",2013,8
"124","124","1140897","0",2013-08-27,"GLORIOUS PEOPLE'S CHAPEL LTD","303","42106","B-64","2013","08",2013,8
"125","125","1140897","0",2013-08-27,"GLORIOUS PEOPLE'S CHAPEL LTD","113","42106","B-64","2013","08",2013,8
"126","126","1140897","0",2013-08-27,"GLORIOUS PEOPLE'S CHAPEL LTD","309","42106","B-64","2013","08",2013,8
"127","127","1140897","0",2013-08-27,"GLORIOUS PEOPLE'S CHAPEL LTD","102","42106","B-64","2013","08",2013,8
"128","128","1140897","0",2013-08-27,"GLORIOUS PEOPLE'S CHAPEL LTD","105","42106","B-64","2013","08",2013,8
"129","129","1140897","0",2013-08-27,"GLORIOUS PEOPLE'S CHAPEL LTD","207","42106","B-64","2013","08",2013,8
"130","130","1140897","0",2013-08-27,"GLORIOUS PEOPLE'S CHAPEL LTD","307","42106","B-64","2013","08",2013,8
"131","131","1140897","0",2013-08-27,"GLORIOUS PEOPLE'S CHAPEL LTD","205","42106","B-64","2013","08",2013,8
"132","132","1140897","0",2013-08-27,"GLORIOUS PEOPLE'S CHAPEL LTD","202","42106","B-64","2013","08",2013,8
"133","133","1140897","0",2013-08-27,"GLORIOUS PEOPLE'S CHAPEL LTD","203","42106","B-64","2013","08",2013,8
"134","134","1140897","0",2013-08-27,"GLORIOUS PEOPLE'S CHAPEL LTD","108","42106","B-64","2013","08",2013,8
"135","135","1140897","0",2013-08-27,"GLORIOUS PEOPLE'S CHAPEL LTD","201","42106","B-64","2013","08",2013,8
"136","136","1153182","0",2013-08-01,"BIRMINGHAM MUSLIM BURIAL COUNCIL","307","1602","B-64","2013","08",2013,8
"137","137","1153182","0",2013-08-01,"BIRMINGHAM MUSLIM BURIAL COUNCIL","309","1602","B-64","2013","08",2013,8
"138","138","1153182","0",2013-08-01,"BIRMINGHAM MUSLIM BURIAL COUNCIL","304","1602","B-64","2013","08",2013,8
"139","139","1153182","0",2013-08-01,"BIRMINGHAM MUSLIM BURIAL COUNCIL","102","1602","B-64","2013","08",2013,8
"140","140","1153182","0",2013-08-01,"BIRMINGHAM MUSLIM BURIAL COUNCIL","207","1602","B-64","2013","08",2013,8
"141","141","1152045","0",2013-05-15,"GLOBAL COMMUNITY CHURCH","202","7485","B-64","2013","05",2013,5
"142","142","1152045","0",2013-05-15,"GLOBAL COMMUNITY CHURCH","101","7485","B-64","2013","05",2013,5
"143","143","1152045","0",2013-05-15,"GLOBAL COMMUNITY CHURCH","104","7485","B-64","2013","05",2013,5
"144","144","1152045","0",2013-05-15,"GLOBAL COMMUNITY CHURCH","309","7485","B-64","2013","05",2013,5
"145","145","1152045","0",2013-05-15,"GLOBAL COMMUNITY CHURCH","303","7485","B-64","2013","05",2013,5
"146","146","1152045","0",2013-05-15,"GLOBAL COMMUNITY CHURCH","115","7485","B-64","2013","05",2013,5
"147","147","1152045","0",2013-05-15,"GLOBAL COMMUNITY CHURCH","110","7485","B-64","2013","05",2013,5
"148","148","1152045","0",2013-05-15,"GLOBAL COMMUNITY CHURCH","205","7485","B-64","2013","05",2013,5
"149","149","1152045","0",2013-05-15,"GLOBAL COMMUNITY CHURCH","306","7485","B-64","2013","05",2013,5
"150","150","1152045","0",2013-05-15,"GLOBAL COMMUNITY CHURCH","201","7485","B-64","2013","05",2013,5
"151","151","1152045","0",2013-05-15,"GLOBAL COMMUNITY CHURCH","115","7485","B-64","2013","05",2013,5
"152","152","1152045","0",2013-05-15,"GLOBAL COMMUNITY CHURCH","110","7485","B-64","2013","05",2013,5
"153","153","1152045","0",2013-05-15,"GLOBAL COMMUNITY CHURCH","205","7485","B-64","2013","05",2013,5
"154","154","1152045","0",2013-05-15,"GLOBAL COMMUNITY CHURCH","306","7485","B-64","2013","05",2013,5
"155","155","1152045","0",2013-05-15,"GLOBAL COMMUNITY CHURCH","201","7485","B-64","2013","05",2013,5
"156","156","1152045","0",2013-05-15,"GLOBAL COMMUNITY CHURCH","305","7485","B-64","2013","05",2013,5
"157","157","1150303","0",2012-12-31,"EGO PERFORMANCE COMPANY LTD.","109","150584","B-64","2012","12",2012,12
"158","158","1150303","0",2012-12-31,"EGO PERFORMANCE COMPANY LTD.","305","150584","B-64","2012","12",2012,12
"159","159","1150303","0",2012-12-31,"EGO PERFORMANCE COMPANY LTD.","102","150584","B-64","2012","12",2012,12
"160","160","1150303","0",2012-12-31,"EGO PERFORMANCE COMPANY LTD.","205","150584","B-64","2012","12",2012,12
"161","161","1150303","0",2012-12-31,"EGO PERFORMANCE COMPANY LTD.","306","150584","B-64","2012","12",2012,12
"162","162","1150303","0",2012-12-31,"EGO PERFORMANCE COMPANY LTD.","207","150584","B-64","2012","12",2012,12
"163","163","1150303","0",2012-12-31,"EGO PERFORMANCE COMPANY LTD.","203","150584","B-64","2012","12",2012,12
"164","164","1150303","0",2012-12-31,"EGO PERFORMANCE COMPANY LTD.","310","150584","B-64","2012","12",2012,12
"165","165","1150303","0",2012-12-31,"EGO PERFORMANCE COMPANY LTD.","201","150584","B-64","2012","12",2012,12
"166","166","1149853","0",2012-11-21,"THE PAROCHIAL CHURCH COUNCIL OF THE ECCLESIASTICAL PARISH OF ST BARTHOLOMEW, EDGBASTON","306","148777","B-64","2012","11",2012,11
"167","167","1149853","0",2012-11-21,"THE PAROCHIAL CHURCH COUNCIL OF THE ECCLESIASTICAL PARISH OF ST BARTHOLOMEW, EDGBASTON","302","148777","B-64","2012","11",2012,11
"168","168","1149853","0",2012-11-21,"THE PAROCHIAL CHURCH COUNCIL OF THE ECCLESIASTICAL PARISH OF ST BARTHOLOMEW, EDGBASTON","207","148777","B-64","2012","11",2012,11
"169","169","1149853","0",2012-11-21,"THE PAROCHIAL CHURCH COUNCIL OF THE ECCLESIASTICAL PARISH OF ST BARTHOLOMEW, EDGBASTON","108","148777","B-64","2012","11",2012,11
"170","170","1149853","0",2012-11-21,"THE PAROCHIAL CHURCH COUNCIL OF THE ECCLESIASTICAL PARISH OF ST BARTHOLOMEW, EDGBASTON","305","148777","B-64","2012","11",2012,11
"171","171","1149821","0",2012-11-19,"REAL LIFE CHURCH, SUTTON COLDFIELD","207","149487","B-64","2012","11",2012,11
"172","172","1149821","0",2012-11-19,"REAL LIFE CHURCH, SUTTON COLDFIELD","304","149487","B-64","2012","11",2012,11
"173","173","1149821","0",2012-11-19,"REAL LIFE CHURCH, SUTTON COLDFIELD","302","149487","B-64","2012","11",2012,11
"174","174","1149821","0",2012-11-19,"REAL LIFE CHURCH, SUTTON COLDFIELD","108","149487","B-64","2012","11",2012,11
"175","175","1149785","0",2012-11-16,"KINGSTANDING REGENERATION TRUST","306","233093","B-64","2012","11",2012,11
"176","176","1149785","0",2012-11-16,"KINGSTANDING REGENERATION TRUST","113","233093","B-64","2012","11",2012,11
"177","177","1149785","0",2012-11-16,"KINGSTANDING REGENERATION TRUST","207","233093","B-64","2012","11",2012,11
"178","178","1148450","0",2012-08-07,"MOTHER HELPAGE (UK)","116","545001","B-64","2012","08",2012,8
"179","179","1148450","0",2012-08-07,"MOTHER HELPAGE (UK)","303","545001","B-64","2012","08",2012,8
"180","180","1148450","0",2012-08-07,"MOTHER HELPAGE (UK)","104","545001","B-64","2012","08",2012,8
"181","181","1148450","0",2012-08-07,"MOTHER HELPAGE (UK)","112","545001","B-64","2012","08",2012,8
"182","182","1148450","0",2012-08-07,"MOTHER HELPAGE (UK)","302","545001","B-64","2012","08",2012,8
"183","183","1148450","0",2012-08-07,"MOTHER HELPAGE (UK)","203","545001","B-64","2012","08",2012,8
"184","184","1148450","0",2012-08-07,"MOTHER HELPAGE (UK)","102","545001","B-64","2012","08",2012,8
"185","185","1148450","0",2012-08-07,"MOTHER HELPAGE (UK)","310","545001","B-64","2012","08",2012,8
"186","186","1148450","0",2012-08-07,"MOTHER HELPAGE (UK)","115","545001","B-64","2012","08",2012,8
"187","187","1148450","0",2012-08-07,"MOTHER HELPAGE (UK)","201","545001","B-64","2012","08",2012,8
"188","188","1148450","0",2012-08-07,"MOTHER HELPAGE (UK)","301","545001","B-64","2012","08",2012,8
"189","189","1148450","0",2012-08-07,"MOTHER HELPAGE (UK)","110","545001","B-64","2012","08",2012,8
"190","190","1148450","0",2012-08-07,"MOTHER HELPAGE (UK)","101","545001","B-64","2012","08",2012,8
"191","191","1148450","0",2012-08-07,"MOTHER HELPAGE (UK)","113","545001","B-64","2012","08",2012,8
"192","192","1148450","0",2012-08-07,"MOTHER HELPAGE (UK)","114","545001","B-64","2012","08",2012,8
"193","193","1148450","0",2012-08-07,"MOTHER HELPAGE (UK)","307","545001","B-64","2012","08",2012,8
"194","194","1148450","0",2012-08-07,"MOTHER HELPAGE (UK)","309","545001","B-64","2012","08",2012,8
"195","195","1148450","0",2012-08-07,"MOTHER HELPAGE (UK)","109","545001","B-64","2012","08",2012,8
"196","196","1148450","0",2012-08-07,"MOTHER HELPAGE (UK)","206","545001","B-64","2012","08",2012,8
"197","197","1148450","0",2012-08-07,"MOTHER HELPAGE (UK)","304","545001","B-64","2012","08",2012,8
"198","198","1148450","0",2012-08-07,"MOTHER HELPAGE (UK)","306","545001","B-64","2012","08",2012,8
"199","199","1148450","0",2012-08-07,"MOTHER HELPAGE (UK)","111","545001","B-64","2012","08",2012,8
"200","200","1148450","0",2012-08-07,"MOTHER HELPAGE (UK)","308","545001","B-64","2012","08",2012,8
"201","201","1148450","0",2012-08-07,"MOTHER HELPAGE (UK)","104","545001","B-64","2012","08",2012,8
"202","202","1148450","0",2012-08-07,"MOTHER HELPAGE (UK)","112","545001","B-64","2012","08",2012,8
"203","203","1148450","0",2012-08-07,"MOTHER HELPAGE (UK)","302","545001","B-64","2012","08",2012,8
"204","204","1148450","0",2012-08-07,"MOTHER HELPAGE (UK)","203","545001","B-64","2012","08",2012,8
"205","205","1148450","0",2012-08-07,"MOTHER HELPAGE (UK)","102","545001","B-64","2012","08",2012,8
"206","206","1148450","0",2012-08-07,"MOTHER HELPAGE (UK)","310","545001","B-64","2012","08",2012,8
"207","207","1148450","0",2012-08-07,"MOTHER HELPAGE (UK)","115","545001","B-64","2012","08",2012,8
"208","208","1148450","0",2012-08-07,"MOTHER HELPAGE (UK)","201","545001","B-64","2012","08",2012,8
"209","209","1148450","0",2012-08-07,"MOTHER HELPAGE (UK)","301","545001","B-64","2012","08",2012,8
"210","210","1148450","0",2012-08-07,"MOTHER HELPAGE (UK)","110","545001","B-64","2012","08",2012,8
"211","211","1147555","0",2012-05-31,"COMMUNITY INSTITUTE OF TRAINING","203","0","B-64","2012","05",2012,5
"212","212","1147555","0",2012-05-31,"COMMUNITY INSTITUTE OF TRAINING","103","0","B-64","2012","05",2012,5
"213","213","1147555","0",2012-05-31,"COMMUNITY INSTITUTE OF TRAINING","102","0","B-64","2012","05",2012,5
"214","214","1147555","0",2012-05-31,"COMMUNITY INSTITUTE OF TRAINING","202","0","B-64","2012","05",2012,5
"215","215","1147555","0",2012-05-31,"COMMUNITY INSTITUTE OF TRAINING","113","0","B-64","2012","05",2012,5
"216","216","1147555","0",2012-05-31,"COMMUNITY INSTITUTE OF TRAINING","105","0","B-64","2012","05",2012,5
"217","217","1147555","0",2012-05-31,"COMMUNITY INSTITUTE OF TRAINING","307","0","B-64","2012","05",2012,5
"218","218","1147555","0",2012-05-31,"COMMUNITY INSTITUTE OF TRAINING","306","0","B-64","2012","05",2012,5
"219","219","1147555","0",2012-05-31,"COMMUNITY INSTITUTE OF TRAINING","207","0","B-64","2012","05",2012,5
"220","220","1147004","0",2012-04-25,"COMM:PACT","307","213356","B-64","2012","04",2012,4
"221","221","1147004","0",2012-04-25,"COMM:PACT","112","213356","B-64","2012","04",2012,4
"222","222","1147004","0",2012-04-25,"COMM:PACT","201","213356","B-64","2012","04",2012,4
"223","223","1147004","0",2012-04-25,"COMM:PACT","204","213356","B-64","2012","04",2012,4
"224","224","1147004","0",2012-04-25,"COMM:PACT","110","213356","B-64","2012","04",2012,4
"225","225","1147004","0",2012-04-25,"COMM:PACT","101","213356","B-64","2012","04",2012,4
"226","226","1147004","0",2012-04-25,"COMM:PACT","116","213356","B-64","2012","04",2012,4
"227","227","1147004","0",2012-04-25,"COMM:PACT","106","213356","B-64","2012","04",2012,4
"228","228","1147004","0",2012-04-25,"COMM:PACT","117","213356","B-64","2012","04",2012,4
"229","229","1147004","0",2012-04-25,"COMM:PACT","102","213356","B-64","2012","04",2012,4
"230","230","1147004","0",2012-04-25,"COMM:PACT","115","213356","B-64","2012","04",2012,4
"231","231","1147004","0",2012-04-25,"COMM:PACT","113","213356","B-64","2012","04",2012,4
"232","232","1147004","0",2012-04-25,"COMM:PACT","309","213356","B-64","2012","04",2012,4
"233","233","1147004","0",2012-04-25,"COMM:PACT","109","213356","B-64","2012","04",2012,4
"234","234","1147004","0",2012-04-25,"COMM:PACT","207","213356","B-64","2012","04",2012,4
"235","235","1147004","0",2012-04-25,"COMM:PACT","107","213356","B-64","2012","04",2012,4
"236","236","1147004","0",2012-04-25,"COMM:PACT","310","213356","B-64","2012","04",2012,4
"237","237","1147004","0",2012-04-25,"COMM:PACT","105","213356","B-64","2012","04",2012,4
"238","238","1147004","0",2012-04-25,"COMM:PACT","305","213356","B-64","2012","04",2012,4
"239","239","1147004","0",2012-04-25,"COMM:PACT","306","213356","B-64","2012","04",2012,4
"240","240","1147004","0",2012-04-25,"COMM:PACT","205","213356","B-64","2012","04",2012,4
"241","241","1147004","0",2012-04-25,"COMM:PACT","203","213356","B-64","2012","04",2012,4
"242","242","1147004","0",2012-04-25,"COMM:PACT","202","213356","B-64","2012","04",2012,4
"243","243","1147004","0",2012-04-25,"COMM:PACT","103","213356","B-64","2012","04",2012,4
"244","244","1147004","0",2012-04-25,"COMM:PACT","104","213356","B-64","2012","04",2012,4
"245","245","525167","0",2012-03-19,"1ST YORKS WOOD 229TH BIRMINGHAM SCOUT GROUP","102","11937","B-64","2012","03",2012,3
"246","246","525167","0",2012-03-19,"1ST YORKS WOOD 229TH BIRMINGHAM SCOUT GROUP","201","11937","B-64","2012","03",2012,3
"247","247","525167","0",2012-03-19,"1ST YORKS WOOD 229TH BIRMINGHAM SCOUT GROUP","310","11937","B-64","2012","03",2012,3
"248","248","513468","0",2011-11-18,"BIRMINGHAM PHOBIC FELLOWSHIP","307","4456","B-64","2011","11",2011,11
"249","249","513468","0",2011-11-18,"BIRMINGHAM PHOBIC FELLOWSHIP","103","4456","B-64","2011","11",2011,11
"250","250","513468","0",2011-11-18,"BIRMINGHAM PHOBIC FELLOWSHIP","113","4456","B-64","2011","11",2011,11
